species,phenotype_id,name,doi,study,scoring,source,type,growth_conditions,integration_date,number_replicates,to_term,to_name,to_definition,to_comment,to_source_acronym,to_source_name,to_source_url,eo_term,eo_name,eo_definition,eo_comment,eo_source_acronym,eo_source_name,eo_source_url,uo_term,uo_name,uo_definition,uo_comment,uo_source_acronym,uo_source_name,uo_source_url,num_values
Arabidopsis thaliana (NCBI: 3702),261,FT10,10.21958/phenotype:261,1001genomes flowering time phenotypes,"Flowering time was scored as days until first
open flower",,,"Seeds for all 1135 accessions were surface-sterilized with chlorine gas. Seeds were distributed in pots with four replicates in a randomized block design, each replicate corresponding to one block. Plants were grown in growth chambers with the following settings: after 6 days of stratification in the dark at 4ºC, constant temperature of 10°C with 16 hours light / 8 hours darkness, 65% humidity. All trays within a block were moved to a new shelf and rotated 180º every other day to minimize position effects.",2016-08-14T14:08:50.666000Z,0,TO:0000344,days to flowering trait,"""A flowering time trait (TO:0002616)which is the number of days required for an individual flower (PO:0009046), a whole plant (PO:0000003) or a plant population to reach flowering stage (PO:0007616) from a predetermined time point (e.g. the date of seed sowing, seedling transplant, or seedling emergence)."" [GR:pj, TO:cooperl]","Often determinded by either pollen shedding, exsertion of the anthers or simply opening of the flower.",PTO,Plant Trait Ontology,https://bioportal.bioontology.org/ontologies/PTO,EO:0007269,growth chamber study,"""The treatment involving study type in which plants were grown in growth chambers."" [GR:pj]",,PECO,Plant Environmental Conditions,https://bioportal.bioontology.org/ontologies/PECO,UO:0000033,day,"""A time unit which is equal to 24 hours."" [Wikipedia:Wikipedia]",,UO,Units of Measurement,https://bioportal.bioontology.org/ontologies/UO,
Arabidopsis thaliana (NCBI: 3702),262,FT16,10.21958/phenotype:262,1001genomes flowering time phenotypes,"Flowering time was scored as days until first
open flower",,,"Seeds for all 1135 accessions were surface-sterilized with chlorine gas. Seeds were distributed in pots with four replicates in a randomized block design, each replicate corresponding to one block. Plants were grown in growth chambers with the following settings: after 6 days of stratification in the dark at 4ºC, constant temperature 16°C with 16 hours light / 8 hours darkness, 65% humidity. All trays within a block were moved to a new shelf and rotated 180º every other day to minimize position effects.",2016-08-14T14:08:50.668000Z,0,TO:0000344,days to flowering trait,"""A flowering time trait (TO:0002616)which is the number of days required for an individual flower (PO:0009046), a whole plant (PO:0000003) or a plant population to reach flowering stage (PO:0007616) from a predetermined time point (e.g. the date of seed sowing, seedling transplant, or seedling emergence)."" [GR:pj, TO:cooperl]","Often determinded by either pollen shedding, exsertion of the anthers or simply opening of the flower.",PTO,Plant Trait Ontology,https://bioportal.bioontology.org/ontologies/PTO,EO:0007269,growth chamber study,"""The treatment involving study type in which plants were grown in growth chambers."" [GR:pj]",,PECO,Plant Environmental Conditions,https://bioportal.bioontology.org/ontologies/PECO,UO:0000033,day,"""A time unit which is equal to 24 hours."" [Wikipedia:Wikipedia]",,UO,Units of Measurement,https://bioportal.bioontology.org/ontologies/UO,
