,index,y_pred,y_test
0,15,-0.036721505,1.892136828781182
1,16,-0.036721505,0.9020164483103195
2,19,-0.036721505,0.24193619466307795
3,24,-0.036721505,-0.6656741541018791
4,30,-0.036721505,4.945008001899674
5,41,-0.036721505,-0.41814405898416357
6,45,-0.036721505,-0.5006540906900688
7,67,-0.036721505,-0.9957142809255
8,82,-0.036721505,-0.7481841858077843
9,109,-0.036721505,1.8096267970752766
10,111,-0.036721505,-0.08810393216054282
11,113,-0.036721505,-0.3356340272782584
12,118,-0.036721505,2.0571568921929924
13,119,-0.036721505,3.0472772726638544
14,139,-0.036721505,1.2320565751339403
15,140,-0.036721505,0.48946628978079354
16,161,-0.036721505,0.40695625807488833
17,173,-0.036721505,-0.9132042492195948
18,9,-0.06652608,0.9845264800162247
19,12,-0.06652608,-0.3356340272782584
20,18,-0.06652608,-0.170613963866448
21,29,-0.06652608,-0.5006540906900688
22,31,-0.06652608,3.2948073677815697
23,42,-0.06652608,-0.9957142809255
24,55,-0.06652608,0.07691613125126757
25,60,-0.06652608,-0.9957142809255
26,65,-0.06652608,0.48946628978079354
27,66,-0.06652608,-0.41814405898416357
28,90,-0.06652608,-0.583164122395974
29,114,-0.06652608,0.5719763214866987
30,117,-0.06652608,0.9845264800162247
31,127,-0.06652608,-0.6656741541018791
32,144,-0.06652608,1.0670365117221299
33,150,-0.06652608,-1.078224312631405
34,168,-0.06652608,-0.41814405898416357
35,170,-0.06652608,2.3046869873107076
36,2,-0.028313234,0.48946628978079354
37,26,-0.028313234,0.7369963848985092
38,38,-0.028313234,-0.8306942175136895
39,51,-0.028313234,-0.8306942175136895
40,56,-0.028313234,0.07691613125126757
41,68,-0.028313234,-0.005593900454637625
42,76,-0.028313234,-0.005593900454637625
43,85,-0.028313234,-0.583164122395974
44,98,-0.028313234,-0.2531239955723532
45,100,-0.028313234,-0.005593900454637625
46,108,-0.028313234,0.8195064166044144
47,122,-0.028313234,0.654486353192604
48,136,-0.028313234,0.24193619466307795
49,142,-0.028313234,-0.7481841858077843
50,152,-0.028313234,1.892136828781182
51,153,-0.028313234,0.654486353192604
52,156,-0.028313234,-1.3257544077491208
53,158,-0.028313234,-0.583164122395974
54,4,0.13820899,0.8195064166044144
55,6,0.18464512,1.892136828781182
56,11,-0.12967664,-0.5006540906900688
57,22,-0.12967664,-0.3356340272782584
58,27,-0.12967664,1.3145666068398454
59,32,0.18464512,-0.08810393216054282
60,36,-0.12967664,-0.6656741541018791
61,69,0.18464512,-0.170613963866448
62,78,0.18464512,-0.9132042492195948
63,93,-0.12967664,-0.8306942175136895
64,95,0.18464512,1.3145666068398454
65,97,0.18464512,1.5620967019575611
66,104,-0.12967664,-0.6656741541018791
67,128,-0.12967664,-0.9132042492195948
68,143,0.18464512,-0.9132042492195948
69,145,0.18464512,-0.583164122395974
70,166,0.18464512,-0.5006540906900688
71,169,-0.12967664,-0.41814405898416357
72,0,0.07477106,-0.3356340272782584
73,10,0.07477106,-0.170613963866448
74,23,0.07477106,-0.9957142809255
75,25,0.07477106,-1.078224312631405
76,28,0.07477106,-0.41814405898416357
77,40,0.07477106,-0.5006540906900688
78,44,0.07477106,-0.6656741541018791
79,64,0.07477106,1.2320565751339403
80,75,0.07477106,-0.2531239955723532
81,79,0.07477106,-1.1607343443373104
82,81,0.07477106,-0.7481841858077843
83,96,0.07477106,1.1495465434280352
84,123,0.07477106,-0.7481841858077843
85,125,0.07477106,0.48946628978079354
86,126,0.07477106,0.5719763214866987
87,133,0.07477106,0.40695625807488833
88,137,0.07477106,-0.583164122395974
89,146,0.07477106,1.3145666068398454
90,33,0.6464608,0.40695625807488833
91,39,-0.22531882,-0.8306942175136895
92,47,-0.22531882,-0.41814405898416357
93,61,-0.22531882,-0.6656741541018791
94,62,0.6464608,-0.9132042492195948
95,73,0.6464608,-0.9132042492195948
96,84,-0.22531882,-0.7481841858077843
97,86,0.6464608,-0.5006540906900688
98,94,0.6464608,0.654486353192604
99,101,-0.22531882,-0.41814405898416357
100,120,-0.22531882,-0.583164122395974
101,124,0.6464608,-0.5006540906900688
102,132,0.6464608,2.1396669238988975
103,138,-0.22531882,-0.9957142809255
104,141,0.28013948,2.0571568921929924
105,148,-0.22531882,-0.9132042492195948
106,165,0.6464608,-0.5006540906900688
107,172,0.6464608,-0.9957142809255
108,3,0.37581587,1.0670365117221299
109,5,-0.20031461,-0.6656741541018791
110,7,0.37581587,1.5620967019575611
111,34,0.37581587,-0.08810393216054282
112,35,-0.20031461,-0.9132042492195948
113,43,0.37581587,-1.078224312631405
114,46,-0.20031461,0.24193619466307795
115,49,-0.20031461,-1.1607343443373104
116,53,0.056672305,-0.583164122395974
117,70,-0.20031461,-0.7481841858077843
118,77,-0.20031461,-0.9132042492195948
119,80,-0.20031461,-0.170613963866448
120,105,0.20828198,-0.8306942175136895
121,112,-0.20031461,-0.2531239955723532
122,115,-0.20031461,-0.583164122395974
123,159,-0.20031461,-0.7481841858077843
124,164,-0.20031461,-0.583164122395974
125,175,0.37581587,1.0670365117221299
126,8,0.9712975,1.7271167653693715
127,13,-0.13889433,-1.078224312631405
128,17,-0.13889433,-0.08810393216054282
129,59,-0.13889433,-0.7481841858077843
130,72,-0.13889433,-0.170613963866448
131,83,-0.13889433,-0.5006540906900688
132,89,-0.13889433,-0.41814405898416357
133,91,0.29014775,0.5719763214866987
134,110,-0.0267528,1.3970766385457507
135,131,-0.13889433,-0.8306942175136895
136,134,-0.09979457,0.9845264800162247
137,135,-0.13889433,-0.583164122395974
138,147,-0.13889433,-0.9957142809255
139,154,-0.13889433,-0.3356340272782584
140,155,0.46224645,1.0670365117221299
141,160,0.05053547,0.9020164483103195
142,163,-0.13889433,-0.6656741541018791
143,1,0.35636207,-0.08810393216054282
144,21,0.35636207,-0.3356340272782584
145,37,0.35636207,-0.6656741541018791
146,48,0.35636207,-0.9132042492195948
147,50,0.35636207,-0.8306942175136895
148,54,0.35636207,-0.2531239955723532
149,57,0.35636207,-0.8306942175136895
150,58,0.35636207,-0.7481841858077843
151,63,0.35636207,-0.005593900454637625
152,88,0.35636207,-1.1607343443373104
153,107,0.35636207,-0.583164122395974
154,129,0.35636207,1.892136828781182
155,157,0.35636207,0.07691613125126757
156,162,0.35636207,1.2320565751339403
157,167,0.35636207,0.15942616295717277
158,171,0.35636207,-0.08810393216054282
159,174,0.35636207,1.2320565751339403
160,14,0.14864103,-0.583164122395974
161,20,0.14864103,-0.9132042492195948
162,52,0.14864103,-0.7481841858077843
163,71,0.14864103,-0.41814405898416357
164,74,0.14864103,0.654486353192604
165,87,0.14864103,1.0670365117221299
166,92,0.14864103,-0.170613963866448
167,99,0.14864103,-0.08810393216054282
168,102,0.14864103,-0.8306942175136895
169,103,0.14864103,-0.8306942175136895
170,106,0.14864103,-0.8306942175136895
171,116,0.14864103,1.4795866702516558
172,121,0.14864103,1.3970766385457507
173,130,0.14864103,-0.41814405898416357
174,149,0.14864103,0.40695625807488833
175,151,0.14864103,-0.3356340272782584
176,176,0.14864103,-0.41814405898416357
177,15,0.32738686,1.892136828781182
178,16,0.32738686,0.9020164483103195
179,19,0.32738686,0.24193619466307795
180,24,0.32738686,-0.6656741541018791
181,30,0.32738686,4.945008001899674
182,41,0.32738686,-0.41814405898416357
183,45,-0.08712119,-0.5006540906900688
184,67,-0.16072378,-0.9957142809255
185,82,-0.090693474,-0.7481841858077843
186,109,0.32738686,1.8096267970752766
187,111,0.32738686,-0.08810393216054282
188,113,0.32738686,-0.3356340272782584
189,118,0.32738686,2.0571568921929924
190,119,-0.5832374,3.0472772726638544
191,139,-0.622345,1.2320565751339403
192,140,0.32738686,0.48946628978079354
193,161,0.003998995,0.40695625807488833
194,173,0.32738686,-0.9132042492195948
195,9,0.17370477,0.9845264800162247
196,12,-0.373644,-0.3356340272782584
197,18,-0.028169394,-0.170613963866448
198,29,0.13626006,-0.5006540906900688
199,31,1.8152306,3.2948073677815697
200,42,1.4813112,-0.9957142809255
201,55,-0.07382479,0.07691613125126757
202,60,-0.41940907,-0.9957142809255
203,65,-0.30214086,0.48946628978079354
204,66,-0.37033066,-0.41814405898416357
205,90,1.6342757,-0.583164122395974
206,114,-0.26328564,0.5719763214866987
207,117,0.21733859,0.9845264800162247
208,127,-0.41003218,-0.6656741541018791
209,144,0.069420815,1.0670365117221299
210,150,-0.41940907,-1.078224312631405
211,168,-0.020543486,-0.41814405898416357
212,170,-0.26929957,2.3046869873107076
213,2,2.045689,0.48946628978079354
214,26,2.0142915,0.7369963848985092
215,38,-0.17799483,-0.8306942175136895
216,51,-0.17799483,-0.8306942175136895
217,56,0.07071912,0.07691613125126757
218,68,1.317865,-0.005593900454637625
219,76,-0.17966272,-0.005593900454637625
220,85,-0.18003067,-0.583164122395974
221,98,-0.18003067,-0.2531239955723532
222,100,-0.17799483,-0.005593900454637625
223,108,0.39622107,0.8195064166044144
224,122,0.30357343,0.654486353192604
225,136,-0.18003067,0.24193619466307795
226,142,-0.12386347,-0.7481841858077843
227,152,0.88557625,1.892136828781182
228,153,-0.17799483,0.654486353192604
229,156,-0.17799492,-1.3257544077491208
230,158,-0.17799483,-0.583164122395974
231,4,0.94390965,0.8195064166044144
232,6,0.94390965,1.892136828781182
233,11,-0.88526446,-0.5006540906900688
234,22,-0.9490257,-0.3356340272782584
235,27,-0.16787077,1.3145666068398454
236,32,-0.28620976,-0.08810393216054282
237,36,-1.1595777,-0.6656741541018791
238,69,0.94390965,-0.170613963866448
239,78,-0.22594921,-0.9132042492195948
240,93,-0.27816778,-0.8306942175136895
241,95,0.94390965,1.3145666068398454
242,97,0.94390965,1.5620967019575611
243,104,-0.2724201,-0.6656741541018791
244,128,0.41317022,-0.9132042492195948
245,143,-0.25719845,-0.9132042492195948
246,145,-0.4315861,-0.583164122395974
247,166,-0.5227556,-0.5006540906900688
248,169,-0.18583797,-0.41814405898416357
249,0,-0.0014754784,-0.3356340272782584
250,10,-0.0014754784,-0.170613963866448
251,23,-0.0014754784,-0.9957142809255
252,25,-0.0014754784,-1.078224312631405
253,28,-0.0014754784,-0.41814405898416357
254,40,-0.0014754784,-0.5006540906900688
255,44,-0.0014754784,-0.6656741541018791
256,64,-0.0014754784,1.2320565751339403
257,75,-0.0014754784,-0.2531239955723532
258,79,-0.0014754784,-1.1607343443373104
259,81,-0.0014754784,-0.7481841858077843
260,96,-0.0014754784,1.1495465434280352
261,123,-0.0014754784,-0.7481841858077843
262,125,-0.0014754784,0.48946628978079354
263,126,-0.0014754784,0.5719763214866987
264,133,-0.0014754784,0.40695625807488833
265,137,-0.0014754784,-0.583164122395974
266,146,-0.0014754784,1.3145666068398454
267,33,-0.030366816,0.40695625807488833
268,39,-0.030366816,-0.8306942175136895
269,47,-0.030366816,-0.41814405898416357
270,61,-0.030366816,-0.6656741541018791
271,62,-0.030366816,-0.9132042492195948
272,73,-0.030366816,-0.9132042492195948
273,84,-0.030366816,-0.7481841858077843
274,86,-0.030366816,-0.5006540906900688
275,94,-0.030366816,0.654486353192604
276,101,-0.030366816,-0.41814405898416357
277,120,-0.030366816,-0.583164122395974
278,124,-0.030366816,-0.5006540906900688
279,132,-0.030366816,2.1396669238988975
280,138,-0.030366816,-0.9957142809255
281,141,-0.030366816,2.0571568921929924
282,148,-0.030366816,-0.9132042492195948
283,165,-0.030366816,-0.5006540906900688
284,172,-0.030366816,-0.9957142809255
285,3,0.38359347,1.0670365117221299
286,5,-0.39936504,-0.6656741541018791
287,7,0.38359347,1.5620967019575611
288,34,0.38359347,-0.08810393216054282
289,35,-0.39936504,-0.9132042492195948
290,43,0.38359347,-1.078224312631405
291,46,-0.39936504,0.24193619466307795
292,49,-0.39936504,-1.1607343443373104
293,53,-0.39936504,-0.583164122395974
294,70,-0.39936504,-0.7481841858077843
295,77,-0.39936504,-0.9132042492195948
296,80,0.28327397,-0.170613963866448
297,105,-0.39936504,-0.8306942175136895
298,112,-0.0497483,-0.2531239955723532
299,115,-0.39936504,-0.583164122395974
300,159,-0.39936504,-0.7481841858077843
301,164,-0.39936504,-0.583164122395974
302,175,0.38359347,1.0670365117221299
303,8,1.8334471,1.7271167653693715
304,13,-0.01170467,-1.078224312631405
305,17,0.015378524,-0.08810393216054282
306,59,-0.01170467,-0.7481841858077843
307,72,0.015378524,-0.170613963866448
308,83,0.077785835,-0.5006540906900688
309,89,0.015378524,-0.41814405898416357
310,91,-0.01170467,0.5719763214866987
311,110,0.015378524,1.3970766385457507
312,131,0.015378524,-0.8306942175136895
313,134,0.015378524,0.9845264800162247
314,135,0.015378524,-0.583164122395974
315,147,0.015378524,-0.9957142809255
316,154,0.015378524,-0.3356340272782584
317,155,1.0202153,1.0670365117221299
318,160,0.26701456,0.9020164483103195
319,163,0.015378524,-0.6656741541018791
320,1,-0.18180054,-0.08810393216054282
321,21,-0.18180054,-0.3356340272782584
322,37,-0.18180054,-0.6656741541018791
323,48,-0.18180054,-0.9132042492195948
324,50,-0.18180054,-0.8306942175136895
325,54,-0.18180054,-0.2531239955723532
326,57,-0.18180054,-0.8306942175136895
327,58,-0.18180054,-0.7481841858077843
328,63,-0.18180054,-0.005593900454637625
329,88,-0.18180054,-1.1607343443373104
330,107,-0.18180054,-0.583164122395974
331,129,-0.18180054,1.892136828781182
332,157,-0.18180054,0.07691613125126757
333,162,1.664448,1.2320565751339403
334,167,-0.18180054,0.15942616295717277
335,171,-0.18180054,-0.08810393216054282
336,174,-0.18180054,1.2320565751339403
337,14,-0.3675501,-0.583164122395974
338,20,-0.3675501,-0.9132042492195948
339,52,-0.3675501,-0.7481841858077843
340,71,-0.3675501,-0.41814405898416357
341,74,0.38544133,0.654486353192604
342,87,-0.10523453,1.0670365117221299
343,92,-0.3675501,-0.170613963866448
344,99,-0.3675501,-0.08810393216054282
345,102,-0.10523453,-0.8306942175136895
346,103,-0.12868518,-0.8306942175136895
347,106,-0.3675501,-0.8306942175136895
348,116,0.4460384,1.4795866702516558
349,121,0.46517673,1.3970766385457507
350,130,-0.3675501,-0.41814405898416357
351,149,0.33108,0.40695625807488833
352,151,0.1422852,-0.3356340272782584
353,176,-0.3675501,-0.41814405898416357
354,15,1.4840889,1.892136828781182
355,16,1.4891258,0.9020164483103195
356,19,0.41834933,0.24193619466307795
357,24,-0.6640048,-0.6656741541018791
358,30,1.2936844,4.945008001899674
359,41,-0.6304426,-0.41814405898416357
360,45,-0.63582814,-0.5006540906900688
361,67,-0.15421242,-0.9957142809255
362,82,-0.5375513,-0.7481841858077843
363,109,0.92507184,1.8096267970752766
364,111,-0.37988904,-0.08810393216054282
365,113,-0.35285273,-0.3356340272782584
366,118,0.98618674,2.0571568921929924
367,119,-0.4613501,3.0472772726638544
368,139,-0.55499506,1.2320565751339403
369,140,-0.30562606,0.48946628978079354
370,161,-0.54929924,0.40695625807488833
371,173,0.37873232,-0.9132042492195948
372,9,0.5827864,0.9845264800162247
373,12,0.46729445,-0.3356340272782584
374,18,0.96854645,-0.170613963866448
375,29,-0.42424646,-0.5006540906900688
376,31,1.9729779,3.2948073677815697
377,42,-0.39872527,-0.9957142809255
378,55,-0.4112711,0.07691613125126757
379,60,-0.40985814,-0.9957142809255
380,65,1.3959236,0.48946628978079354
381,66,-0.43232077,-0.41814405898416357
382,90,-0.39569348,-0.583164122395974
383,114,1.7234211,0.5719763214866987
384,117,1.7858238,0.9845264800162247
385,127,-0.31130895,-0.6656741541018791
386,144,-0.43218496,1.0670365117221299
387,150,-0.3822938,-1.078224312631405
388,168,-0.3981731,-0.41814405898416357
389,170,4.0209575,2.3046869873107076
390,2,3.3523617,0.48946628978079354
391,26,3.2364864,0.7369963848985092
392,38,-0.41460824,-0.8306942175136895
393,51,-0.63750315,-0.8306942175136895
394,56,-0.4226365,0.07691613125126757
395,68,0.4183921,-0.005593900454637625
396,76,-0.3491486,-0.005593900454637625
397,85,-0.4113259,-0.583164122395974
398,98,-0.45732352,-0.2531239955723532
399,100,0.054606855,-0.005593900454637625
400,108,0.79942286,0.8195064166044144
401,122,0.65613353,0.654486353192604
402,136,-0.40618786,0.24193619466307795
403,142,-0.4424876,-0.7481841858077843
404,152,0.74725187,1.892136828781182
405,153,-0.16457202,0.654486353192604
406,156,-0.17973074,-1.3257544077491208
407,158,-0.41362995,-0.583164122395974
408,4,1.9510951,0.8195064166044144
409,6,1.3943307,1.892136828781182
410,11,-0.72350043,-0.5006540906900688
411,22,-0.6541414,-0.3356340272782584
412,27,-1.0839263,1.3145666068398454
413,32,0.05377911,-0.08810393216054282
414,36,-0.7883983,-0.6656741541018791
415,69,0.0139599,-0.170613963866448
416,78,-0.40991938,-0.9132042492195948
417,93,0.05052896,-0.8306942175136895
418,95,0.832844,1.3145666068398454
419,97,1.3965566,1.5620967019575611
420,104,0.016971424,-0.6656741541018791
421,128,-0.82085574,-0.9132042492195948
422,143,-0.021423534,-0.9132042492195948
423,145,-0.31375408,-0.583164122395974
424,166,-0.3632282,-0.5006540906900688
425,169,-0.07546274,-0.41814405898416357
426,0,-0.48722878,-0.3356340272782584
427,10,-0.36986208,-0.170613963866448
428,23,-0.6023595,-0.9957142809255
429,25,0.57439595,-1.078224312631405
430,28,-0.5898623,-0.41814405898416357
431,40,-0.3529025,-0.5006540906900688
432,44,0.46507868,-0.6656741541018791
433,64,0.5192227,1.2320565751339403
434,75,-0.3796873,-0.2531239955723532
435,79,-0.22066332,-1.1607343443373104
436,81,-0.34517208,-0.7481841858077843
437,96,1.2191466,1.1495465434280352
438,123,-0.5785207,-0.7481841858077843
439,125,-0.9290142,0.48946628978079354
440,126,-0.94147587,0.5719763214866987
441,133,-0.5821075,0.40695625807488833
442,137,-0.34641343,-0.583164122395974
443,146,-0.2459658,1.3145666068398454
444,33,-0.26384687,0.40695625807488833
445,39,0.5696238,-0.8306942175136895
446,47,-0.26545224,-0.41814405898416357
447,61,-0.26545224,-0.6656741541018791
448,62,-0.085655004,-0.9132042492195948
449,73,0.04869488,-0.9132042492195948
450,84,-0.26545224,-0.7481841858077843
451,86,-0.1275031,-0.5006540906900688
452,94,0.9607097,0.654486353192604
453,101,0.15457731,-0.41814405898416357
454,120,-0.2312205,-0.583164122395974
455,124,-0.03890997,-0.5006540906900688
456,132,-0.20108315,2.1396669238988975
457,138,-0.18717767,-0.9957142809255
458,141,0.69764376,2.0571568921929924
459,148,-0.26545224,-0.9132042492195948
460,165,-0.11455031,-0.5006540906900688
461,172,-0.052595243,-0.9957142809255
462,3,2.0256786,1.0670365117221299
463,5,-0.030743897,-0.6656741541018791
464,7,1.4680669,1.5620967019575611
465,34,0.021582007,-0.08810393216054282
466,35,-0.723814,-0.9132042492195948
467,43,-0.73982453,-1.078224312631405
468,46,-1.0053042,0.24193619466307795
469,49,-0.295807,-1.1607343443373104
470,53,-0.4898796,-0.583164122395974
471,70,-0.7625563,-0.7481841858077843
472,77,-1.0949184,-0.9132042492195948
473,80,-0.42438906,-0.170613963866448
474,105,-0.5392046,-0.8306942175136895
475,112,-0.49211538,-0.2531239955723532
476,115,-0.70065236,-0.583164122395974
477,159,-0.30101442,-0.7481841858077843
478,164,-0.9455694,-0.583164122395974
479,175,0.4531654,1.0670365117221299
480,8,1.9461151,1.7271167653693715
481,13,-0.57996726,-1.078224312631405
482,17,-0.39792228,-0.08810393216054282
483,59,-0.44335812,-0.7481841858077843
484,72,-0.114898995,-0.170613963866448
485,83,-0.18949507,-0.5006540906900688
486,89,-0.39792228,-0.41814405898416357
487,91,-0.44185328,0.5719763214866987
488,110,0.9870524,1.3970766385457507
489,131,-0.66716963,-0.8306942175136895
490,134,0.5320078,0.9845264800162247
491,135,-0.39792228,-0.583164122395974
492,147,-0.8560377,-0.9957142809255
493,154,-0.5481093,-0.3356340272782584
494,155,0.23254825,1.0670365117221299
495,160,1.1402144,0.9020164483103195
496,163,-0.39792228,-0.6656741541018791
497,1,-0.41723767,-0.08810393216054282
498,21,-0.56550264,-0.3356340272782584
499,37,-0.7517211,-0.6656741541018791
500,48,-0.59780467,-0.9132042492195948
501,50,-0.5386716,-0.8306942175136895
502,54,-0.6982112,-0.2531239955723532
503,57,0.20580366,-0.8306942175136895
504,58,0.30493137,-0.7481841858077843
505,63,-0.6343082,-0.005593900454637625
506,88,0.18422249,-1.1607343443373104
507,107,-0.69067454,-0.583164122395974
508,129,2.234286,1.892136828781182
509,157,-0.29334658,0.07691613125126757
510,162,1.77614,1.2320565751339403
511,167,-0.08965877,0.15942616295717277
512,171,0.04470423,-0.08810393216054282
513,174,0.22402588,1.2320565751339403
514,14,-0.3168166,-0.583164122395974
515,20,-0.21250945,-0.9132042492195948
516,52,-0.69861555,-0.7481841858077843
517,71,-0.61581135,-0.41814405898416357
518,74,1.4479914,0.654486353192604
519,87,-0.47117528,1.0670365117221299
520,92,-0.37642622,-0.170613963866448
521,99,-0.3241129,-0.08810393216054282
522,102,-0.4597717,-0.8306942175136895
523,103,-0.4047696,-0.8306942175136895
524,106,0.07068586,-0.8306942175136895
525,116,1.0090635,1.4795866702516558
526,121,0.78418726,1.3970766385457507
527,130,0.20174423,-0.41814405898416357
528,149,0.91052145,0.40695625807488833
529,151,-0.29594842,-0.3356340272782584
530,176,-0.38884795,-0.41814405898416357
531,15,1.6457559,1.892136828781182
532,16,1.6376429,0.9020164483103195
533,19,0.48813814,0.24193619466307795
534,24,-0.6028814,-0.6656741541018791
535,30,1.9806255,4.945008001899674
536,41,-0.7064899,-0.41814405898416357
537,45,-0.78844494,-0.5006540906900688
538,67,-0.30095887,-0.9957142809255
539,82,-0.47723377,-0.7481841858077843
540,109,0.5444582,1.8096267970752766
541,111,-0.48802364,-0.08810393216054282
542,113,-0.4837531,-0.3356340272782584
543,118,1.1338917,2.0571568921929924
544,119,-0.31434783,3.0472772726638544
545,139,-0.6282134,1.2320565751339403
546,140,-0.5097137,0.48946628978079354
547,161,-0.6006868,0.40695625807488833
548,173,0.2915079,-0.9132042492195948
549,9,0.9826697,0.9845264800162247
550,12,0.38590825,-0.3356340272782584
551,18,1.4492127,-0.170613963866448
552,29,-0.56212497,-0.5006540906900688
553,31,0.7477486,3.2948073677815697
554,42,-0.42829597,-0.9957142809255
555,55,-0.32518512,0.07691613125126757
556,60,-0.35453948,-0.9957142809255
557,65,1.3888062,0.48946628978079354
558,66,-0.88562477,-0.41814405898416357
559,90,-0.4047831,-0.583164122395974
560,114,1.1345922,0.5719763214866987
561,117,0.7306161,0.9845264800162247
562,127,-0.52088356,-0.6656741541018791
563,144,-0.79514366,1.0670365117221299
564,150,-0.29555118,-1.078224312631405
565,168,-0.43409044,-0.41814405898416357
566,170,2.8508844,2.3046869873107076
567,2,3.0049214,0.48946628978079354
568,26,2.786331,0.7369963848985092
569,38,-0.7786645,-0.8306942175136895
570,51,-0.45039165,-0.8306942175136895
571,56,-0.31357485,0.07691613125126757
572,68,1.1588224,-0.005593900454637625
573,76,-0.18247531,-0.005593900454637625
574,85,-0.258035,-0.583164122395974
575,98,-0.24785054,-0.2531239955723532
576,100,-0.09392721,-0.005593900454637625
577,108,0.7370113,0.8195064166044144
578,122,0.62512136,0.654486353192604
579,136,-0.33416983,0.24193619466307795
580,142,-0.69914556,-0.7481841858077843
581,152,1.1660358,1.892136828781182
582,153,0.6115263,0.654486353192604
583,156,-0.3212993,-1.3257544077491208
584,158,-0.6345621,-0.583164122395974
585,4,1.4278896,0.8195064166044144
586,6,1.4495243,1.892136828781182
587,11,-0.85642517,-0.5006540906900688
588,22,-1.0283555,-0.3356340272782584
589,27,-0.21740592,1.3145666068398454
590,32,-0.031306267,-0.08810393216054282
591,36,-0.6904171,-0.6656741541018791
592,69,-0.06541914,-0.170613963866448
593,78,-0.050599575,-0.9132042492195948
594,93,-0.62297755,-0.8306942175136895
595,95,0.4706807,1.3145666068398454
596,97,0.9716485,1.5620967019575611
597,104,-0.65031767,-0.6656741541018791
598,128,-0.16132945,-0.9132042492195948
599,143,-0.20536202,-0.9132042492195948
600,145,-0.45165747,-0.583164122395974
601,166,-0.5826212,-0.5006540906900688
602,169,-0.2727238,-0.41814405898416357
603,0,-0.15170671,-0.3356340272782584
604,10,-0.25115073,-0.170613963866448
605,23,-0.9397007,-0.9957142809255
606,25,0.2467085,-1.078224312631405
607,28,0.6792613,-0.41814405898416357
608,40,0.08593544,-0.5006540906900688
609,44,0.6936895,-0.6656741541018791
610,64,0.20123635,1.2320565751339403
611,75,-0.4195766,-0.2531239955723532
612,79,-0.19171457,-1.1607343443373104
613,81,-1.136773,-0.7481841858077843
614,96,0.36127317,1.1495465434280352
615,123,-0.0877139,-0.7481841858077843
616,125,0.0640534,0.48946628978079354
617,126,0.036995932,0.5719763214866987
618,133,-0.35145932,0.40695625807488833
619,137,-0.741498,-0.583164122395974
620,146,-0.12726997,1.3145666068398454
621,33,0.045547277,0.40695625807488833
622,39,-0.15992287,-0.8306942175136895
623,47,-0.5438988,-0.41814405898416357
624,61,-0.5669732,-0.6656741541018791
625,62,-0.42885444,-0.9132042492195948
626,73,0.6762341,-0.9132042492195948
627,84,-0.25280842,-0.7481841858077843
628,86,-0.81857264,-0.5006540906900688
629,94,1.4113129,0.654486353192604
630,101,-0.21914855,-0.41814405898416357
631,120,-0.80424464,-0.583164122395974
632,124,-0.080278635,-0.5006540906900688
633,132,-1.2385715,2.1396669238988975
634,138,-0.40678653,-0.9957142809255
635,141,0.94471467,2.0571568921929924
636,148,-0.22463557,-0.9132042492195948
637,165,-0.10808617,-0.5006540906900688
638,172,-0.35213336,-0.9957142809255
639,3,2.4493494,1.0670365117221299
640,5,-0.023478888,-0.6656741541018791
641,7,1.6922401,1.5620967019575611
642,34,0.31780806,-0.08810393216054282
643,35,-0.6046705,-0.9132042492195948
644,43,-0.26023272,-1.078224312631405
645,46,-0.25051698,0.24193619466307795
646,49,-0.6823844,-1.1607343443373104
647,53,-0.12721759,-0.583164122395974
648,70,-0.57045305,-0.7481841858077843
649,77,-0.31089848,-0.9132042492195948
650,80,-0.23308364,-0.170613963866448
651,105,-0.3854817,-0.8306942175136895
652,112,-0.3070995,-0.2531239955723532
653,115,-0.60938776,-0.583164122395974
654,159,-0.27249247,-0.7481841858077843
655,164,-0.42033315,-0.583164122395974
656,175,0.83993423,1.0670365117221299
657,8,1.2635283,1.7271167653693715
658,13,0.8061364,-1.078224312631405
659,17,-0.3072184,-0.08810393216054282
660,59,0.26617068,-0.7481841858077843
661,72,0.15970515,-0.170613963866448
662,83,-0.2399696,-0.5006540906900688
663,89,-0.26989993,-0.41814405898416357
664,91,-0.42859113,0.5719763214866987
665,110,1.5169816,1.3970766385457507
666,131,-0.53470176,-0.8306942175136895
667,134,0.24362658,0.9845264800162247
668,135,-0.29676825,-0.583164122395974
669,147,-0.11529879,-0.9957142809255
670,154,-0.32314688,-0.3356340272782584
671,155,0.8603459,1.0670365117221299
672,160,1.0632039,0.9020164483103195
673,163,-0.2771334,-0.6656741541018791
674,1,-0.46938008,-0.08810393216054282
675,21,-0.5367935,-0.3356340272782584
676,37,-0.7424253,-0.6656741541018791
677,48,-0.7104664,-0.9132042492195948
678,50,-0.88262993,-0.8306942175136895
679,54,-0.2070353,-0.2531239955723532
680,57,0.07037771,-0.8306942175136895
681,58,-0.14133886,-0.7481841858077843
682,63,-0.97542524,-0.005593900454637625
683,88,-0.4602333,-1.1607343443373104
684,107,-0.6764194,-0.583164122395974
685,129,1.9347894,1.892136828781182
686,157,-0.6326133,0.07691613125126757
687,162,0.7199937,1.2320565751339403
688,167,-0.20674899,0.15942616295717277
689,171,-0.16977696,-0.08810393216054282
690,174,0.48698592,1.2320565751339403
691,14,0.08040985,-0.583164122395974
692,20,-0.1491259,-0.9132042492195948
693,52,-1.1582257,-0.7481841858077843
694,71,-0.23118767,-0.41814405898416357
695,74,0.22913769,0.654486353192604
696,87,0.008176915,1.0670365117221299
697,92,-0.01945763,-0.170613963866448
698,99,-0.18665287,-0.08810393216054282
699,102,0.06723173,-0.8306942175136895
700,103,0.17348531,-0.8306942175136895
701,106,-0.08101883,-0.8306942175136895
702,116,0.37698168,1.4795866702516558
703,121,0.99516547,1.3970766385457507
704,130,0.14142618,-0.41814405898416357
705,149,0.106869295,0.40695625807488833
706,151,-0.1630995,-0.3356340272782584
707,176,0.041413344,-0.41814405898416357
708,15,0.8952763,1.892136828781182
709,16,0.90472746,0.9020164483103195
710,19,0.27818877,0.24193619466307795
711,24,-0.54878354,-0.6656741541018791
712,30,0.6368644,4.945008001899674
713,41,-1.3165022,-0.41814405898416357
714,45,-0.35319987,-0.5006540906900688
715,67,0.18148343,-0.9957142809255
716,82,-0.7751038,-0.7481841858077843
717,109,-0.1143058,1.8096267970752766
718,111,-0.18972482,-0.08810393216054282
719,113,0.27009392,-0.3356340272782584
720,118,0.48715335,2.0571568921929924
721,119,0.21435376,3.0472772726638544
722,139,-0.7795241,1.2320565751339403
723,140,-0.39954698,0.48946628978079354
724,161,-0.730432,0.40695625807488833
725,173,0.52231485,-0.9132042492195948
726,9,1.1328766,0.9845264800162247
727,12,-0.23221281,-0.3356340272782584
728,18,1.3934627,-0.170613963866448
729,29,-0.6894576,-0.5006540906900688
730,31,1.2162073,3.2948073677815697
731,42,-0.43029466,-0.9957142809255
732,55,-0.22047356,0.07691613125126757
733,60,-0.73613125,-0.9957142809255
734,65,1.5168571,0.48946628978079354
735,66,-0.69756424,-0.41814405898416357
736,90,-0.4047981,-0.583164122395974
737,114,0.9295012,0.5719763214866987
738,117,0.5435919,0.9845264800162247
739,127,-0.49021053,-0.6656741541018791
740,144,-1.0285273,1.0670365117221299
741,150,-0.5910878,-1.078224312631405
742,168,-0.3800438,-0.41814405898416357
743,170,2.1376345,2.3046869873107076
744,2,0.9125704,0.48946628978079354
745,26,0.81477517,0.7369963848985092
746,38,-0.6518755,-0.8306942175136895
747,51,-0.7431852,-0.8306942175136895
748,56,0.11174558,0.07691613125126757
749,68,1.0595216,-0.005593900454637625
750,76,-0.2979294,-0.005593900454637625
751,85,0.1586576,-0.583164122395974
752,98,-0.23365521,-0.2531239955723532
753,100,-0.106563546,-0.005593900454637625
754,108,0.15331735,0.8195064166044144
755,122,0.21913333,0.654486353192604
756,136,-0.10250628,0.24193619466307795
757,142,-0.17886083,-0.7481841858077843
758,152,0.28167796,1.892136828781182
759,153,0.15148963,0.654486353192604
760,156,-0.34963974,-1.3257544077491208
761,158,-0.3536766,-0.583164122395974
762,4,1.1344725,0.8195064166044144
763,6,1.983448,1.892136828781182
764,11,-0.3725388,-0.5006540906900688
765,22,-0.32629973,-0.3356340272782584
766,27,0.098385066,1.3145666068398454
767,32,0.2029791,-0.08810393216054282
768,36,-0.4706434,-0.6656741541018791
769,69,0.4343086,-0.170613963866448
770,78,-0.21430509,-0.9132042492195948
771,93,-0.54644495,-0.8306942175136895
772,95,0.7170585,1.3145666068398454
773,97,0.90021396,1.5620967019575611
774,104,-0.47789633,-0.6656741541018791
775,128,-0.38458288,-0.9132042492195948
776,143,-0.11756754,-0.9132042492195948
777,145,-0.54696286,-0.583164122395974
778,166,-0.36549038,-0.5006540906900688
779,169,-0.84372514,-0.41814405898416357
780,0,-0.4972034,-0.3356340272782584
781,10,-0.15655506,-0.170613963866448
782,23,-1.004828,-0.9957142809255
783,25,1.6171614,-1.078224312631405
784,28,-0.6808387,-0.41814405898416357
785,40,-0.36838672,-0.5006540906900688
786,44,0.8942863,-0.6656741541018791
787,64,0.19765347,1.2320565751339403
788,75,-0.26184136,-0.2531239955723532
789,79,0.22660631,-1.1607343443373104
790,81,-0.34174806,-0.7481841858077843
791,96,1.7865229,1.1495465434280352
792,123,-0.35048014,-0.7481841858077843
793,125,0.53429174,0.48946628978079354
794,126,0.52768576,0.5719763214866987
795,133,-0.26944134,0.40695625807488833
796,137,-0.74682343,-0.583164122395974
797,146,-0.22428878,1.3145666068398454
798,33,0.5089452,0.40695625807488833
799,39,-0.08424581,-0.8306942175136895
800,47,0.008751266,-0.41814405898416357
801,61,-0.3498702,-0.6656741541018791
802,62,-0.21211424,-0.9132042492195948
803,73,0.077534996,-0.9132042492195948
804,84,-0.0070054904,-0.7481841858077843
805,86,-0.28683916,-0.5006540906900688
806,94,1.4575243,0.654486353192604
807,101,0.05116517,-0.41814405898416357
808,120,-0.63992316,-0.583164122395974
809,124,0.124450795,-0.5006540906900688
810,132,-0.1330989,2.1396669238988975
811,138,-0.50152874,-0.9957142809255
812,141,0.75845027,2.0571568921929924
813,148,-0.10831521,-0.9132042492195948
814,165,-0.1544536,-0.5006540906900688
815,172,-0.16359735,-0.9957142809255
816,3,1.729967,1.0670365117221299
817,5,-0.29875278,-0.6656741541018791
818,7,1.8723446,1.5620967019575611
819,34,0.31015542,-0.08810393216054282
820,35,-0.9929991,-0.9132042492195948
821,43,-0.5283617,-1.078224312631405
822,46,-0.49626577,0.24193619466307795
823,49,-0.66110796,-1.1607343443373104
824,53,0.3079604,-0.583164122395974
825,70,-0.51364845,-0.7481841858077843
826,77,-0.28933167,-0.9132042492195948
827,80,-0.08033491,-0.170613963866448
828,105,-0.82380587,-0.8306942175136895
829,112,-0.070686616,-0.2531239955723532
830,115,-0.7575697,-0.583164122395974
831,159,-0.38543814,-0.7481841858077843
832,164,-0.2336632,-0.583164122395974
833,175,0.49924943,1.0670365117221299
834,8,1.8373184,1.7271167653693715
835,13,0.1818522,-1.078224312631405
836,17,-0.17819472,-0.08810393216054282
837,59,-0.9735552,-0.7481841858077843
838,72,-0.41760123,-0.170613963866448
839,83,-0.64769554,-0.5006540906900688
840,89,-0.17783777,-0.41814405898416357
841,91,0.23001288,0.5719763214866987
842,110,0.72043,1.3970766385457507
843,131,-0.26667476,-0.8306942175136895
844,134,0.14272252,0.9845264800162247
845,135,0.21278104,-0.583164122395974
846,147,0.22342433,-0.9957142809255
847,154,-0.09087063,-0.3356340272782584
848,155,0.6939633,1.0670365117221299
849,160,1.3824449,0.9020164483103195
850,163,-0.7611358,-0.6656741541018791
851,1,-0.53593117,-0.08810393216054282
852,21,-0.9228202,-0.3356340272782584
853,37,-0.8668601,-0.6656741541018791
854,48,-0.9223306,-0.9132042492195948
855,50,-0.27638498,-0.8306942175136895
856,54,-0.16573107,-0.2531239955723532
857,57,0.2326346,-0.8306942175136895
858,58,0.13929114,-0.7481841858077843
859,63,-0.6581691,-0.005593900454637625
860,88,-0.504142,-1.1607343443373104
861,107,-0.80581284,-0.583164122395974
862,129,2.113417,1.892136828781182
863,157,-0.31675914,0.07691613125126757
864,162,1.2106398,1.2320565751339403
865,167,0.016997881,0.15942616295717277
866,171,1.1997555,-0.08810393216054282
867,174,-0.10937995,1.2320565751339403
868,14,-0.1877473,-0.583164122395974
869,20,-0.09205988,-0.9132042492195948
870,52,-0.54505,-0.7481841858077843
871,71,-0.012419406,-0.41814405898416357
872,74,0.6697185,0.654486353192604
873,87,-0.56751084,1.0670365117221299
874,92,-0.02681974,-0.170613963866448
875,99,0.18414645,-0.08810393216054282
876,102,-0.415859,-0.8306942175136895
877,103,-0.40515545,-0.8306942175136895
878,106,-0.16540478,-0.8306942175136895
879,116,0.88117874,1.4795866702516558
880,121,-0.19489248,1.3970766385457507
881,130,-0.43883508,-0.41814405898416357
882,149,0.37537053,0.40695625807488833
883,151,0.01053011,-0.3356340272782584
884,176,0.23395877,-0.41814405898416357
885,15,1.6788908,1.892136828781182
886,16,1.6846405,0.9020164483103195
887,19,0.908657,0.24193619466307795
888,24,-0.5807472,-0.6656741541018791
889,30,0.6210301,4.945008001899674
890,41,-1.0072346,-0.41814405898416357
891,45,-0.541787,-0.5006540906900688
892,67,-0.18644606,-0.9957142809255
893,82,-0.7765382,-0.7481841858077843
894,109,0.34622198,1.8096267970752766
895,111,-0.35780025,-0.08810393216054282
896,113,-0.33933073,-0.3356340272782584
897,118,1.0169092,2.0571568921929924
898,119,0.45904526,3.0472772726638544
899,139,-0.67494965,1.2320565751339403
900,140,-0.39546895,0.48946628978079354
901,161,-0.53605807,0.40695625807488833
902,173,-0.110657826,-0.9132042492195948
903,9,0.41805312,0.9845264800162247
904,12,-0.06289852,-0.3356340272782584
905,18,0.42899314,-0.170613963866448
906,29,0.04065138,-0.5006540906900688
907,31,0.9523214,3.2948073677815697
908,42,0.4442874,-0.9957142809255
909,55,-0.35739315,0.07691613125126757
910,60,-0.10437374,-0.9957142809255
911,65,0.83426386,0.48946628978079354
912,66,-0.1197131,-0.41814405898416357
913,90,0.39748147,-0.583164122395974
914,114,0.032823734,0.5719763214866987
915,117,0.8759876,0.9845264800162247
916,127,-0.23123944,-0.6656741541018791
917,144,0.42396373,1.0670365117221299
918,150,-0.17180814,-1.078224312631405
919,168,-0.6027624,-0.41814405898416357
920,170,0.22590144,2.3046869873107076
921,2,1.8670261,0.48946628978079354
922,26,1.731169,0.7369963848985092
923,38,-0.41867006,-0.8306942175136895
924,51,-0.531217,-0.8306942175136895
925,56,-0.064135045,0.07691613125126757
926,68,-0.14812118,-0.005593900454637625
927,76,-0.093925804,-0.005593900454637625
928,85,0.26139104,-0.583164122395974
929,98,0.40028822,-0.2531239955723532
930,100,-0.5495893,-0.005593900454637625
931,108,0.5822233,0.8195064166044144
932,122,0.36595872,0.654486353192604
933,136,0.2680701,0.24193619466307795
934,142,-0.2526079,-0.7481841858077843
935,152,0.7494921,1.892136828781182
936,153,-0.30107838,0.654486353192604
937,156,-0.032592922,-1.3257544077491208
938,158,-0.0068315566,-0.583164122395974
939,4,0.74151206,0.8195064166044144
940,6,1.5662187,1.892136828781182
941,11,-0.90276796,-0.5006540906900688
942,22,-0.72762716,-0.3356340272782584
943,27,0.30107898,1.3145666068398454
944,32,-0.46947652,-0.08810393216054282
945,36,-0.716927,-0.6656741541018791
946,69,-0.0027599186,-0.170613963866448
947,78,-0.6588602,-0.9132042492195948
948,93,-0.07223143,-0.8306942175136895
949,95,0.4526838,1.3145666068398454
950,97,1.1453639,1.5620967019575611
951,104,-0.13318585,-0.6656741541018791
952,128,0.17634138,-0.9132042492195948
953,143,-0.50580835,-0.9132042492195948
954,145,-0.4374771,-0.583164122395974
955,166,-0.39451545,-0.5006540906900688
956,169,-0.49095362,-0.41814405898416357
957,0,-0.63390833,-0.3356340272782584
958,10,0.13138567,-0.170613963866448
959,23,0.17308135,-0.9957142809255
960,25,0.6509876,-1.078224312631405
961,28,-0.414486,-0.41814405898416357
962,40,-1.0244011,-0.5006540906900688
963,44,0.16579817,-0.6656741541018791
964,64,0.34340817,1.2320565751339403
965,75,-0.18997538,-0.2531239955723532
966,79,-0.38334388,-1.1607343443373104
967,81,0.031906337,-0.7481841858077843
968,96,0.87218505,1.1495465434280352
969,123,-0.8705442,-0.7481841858077843
970,125,-0.7376962,0.48946628978079354
971,126,-0.7574985,0.5719763214866987
972,133,-0.659142,0.40695625807488833
973,137,-1.154535,-0.583164122395974
974,146,0.27272218,1.3145666068398454
975,33,-0.3174755,0.40695625807488833
976,39,-0.43150708,-0.8306942175136895
977,47,-0.29860362,-0.41814405898416357
978,61,-0.4389932,-0.6656741541018791
979,62,-0.25186637,-0.9132042492195948
980,73,1.76754,-0.9132042492195948
981,84,0.027774625,-0.7481841858077843
982,86,-0.5760418,-0.5006540906900688
983,94,1.4686058,0.654486353192604
984,101,-0.43809018,-0.41814405898416357
985,120,0.005145803,-0.583164122395974
986,124,-0.6730323,-0.5006540906900688
987,132,0.110138275,2.1396669238988975
988,138,-0.5077969,-0.9957142809255
989,141,-0.606309,2.0571568921929924
990,148,0.12451002,-0.9132042492195948
991,165,0.55861497,-0.5006540906900688
992,172,0.22090703,-0.9957142809255
993,3,0.82540226,1.0670365117221299
994,5,0.0033722892,-0.6656741541018791
995,7,-0.13753545,1.5620967019575611
996,34,0.47656313,-0.08810393216054282
997,35,-0.73978984,-0.9132042492195948
998,43,0.62036824,-1.078224312631405
999,46,0.10055685,0.24193619466307795
1000,49,-0.41783255,-1.1607343443373104
1001,53,-0.5845361,-0.583164122395974
1002,70,-0.47439566,-0.7481841858077843
1003,77,-0.306536,-0.9132042492195948
1004,80,-0.09514211,-0.170613963866448
1005,105,-1.0006772,-0.8306942175136895
1006,112,0.3875528,-0.2531239955723532
1007,115,0.13956982,-0.583164122395974
1008,159,-0.27440524,-0.7481841858077843
1009,164,-0.03899107,-0.583164122395974
1010,175,0.63292706,1.0670365117221299
1011,8,0.82802576,1.7271167653693715
1012,13,0.019789614,-1.078224312631405
1013,17,-0.2738863,-0.08810393216054282
1014,59,0.22854052,-0.7481841858077843
1015,72,0.05149193,-0.170613963866448
1016,83,-0.09551337,-0.5006540906900688
1017,89,-0.3713848,-0.41814405898416357
1018,91,0.026730426,0.5719763214866987
1019,110,-0.07694669,1.3970766385457507
1020,131,0.20390587,-0.8306942175136895
1021,134,-0.19457039,0.9845264800162247
1022,135,-0.57282937,-0.583164122395974
1023,147,0.3898402,-0.9957142809255
1024,154,0.25815696,-0.3356340272782584
1025,155,0.57073975,1.0670365117221299
1026,160,0.873091,0.9020164483103195
1027,163,-0.18460946,-0.6656741541018791
1028,1,-0.35134447,-0.08810393216054282
1029,21,-0.7572334,-0.3356340272782584
1030,37,-0.17011544,-0.6656741541018791
1031,48,-1.1196395,-0.9132042492195948
1032,50,-0.26930982,-0.8306942175136895
1033,54,-0.09634012,-0.2531239955723532
1034,57,0.0104212165,-0.8306942175136895
1035,58,-0.35421273,-0.7481841858077843
1036,63,-0.82718444,-0.005593900454637625
1037,88,-0.00808236,-1.1607343443373104
1038,107,-0.776137,-0.583164122395974
1039,129,1.4325867,1.892136828781182
1040,157,-0.7813127,0.07691613125126757
1041,162,1.6399063,1.2320565751339403
1042,167,-1.06002,0.15942616295717277
1043,171,1.1416793,-0.08810393216054282
1044,174,-0.29213327,1.2320565751339403
1045,14,-0.09494411,-0.583164122395974
1046,20,0.17071515,-0.9132042492195948
1047,52,-0.26816428,-0.7481841858077843
1048,71,-0.21286911,-0.41814405898416357
1049,74,-0.0112995505,0.654486353192604
1050,87,-0.6033225,1.0670365117221299
1051,92,-0.54131955,-0.170613963866448
1052,99,-0.25236535,-0.08810393216054282
1053,102,-0.68041587,-0.8306942175136895
1054,103,-0.21715815,-0.8306942175136895
1055,106,-0.09205112,-0.8306942175136895
1056,116,0.85462546,1.4795866702516558
1057,121,0.45747855,1.3970766385457507
1058,130,-0.26255593,-0.41814405898416357
1059,149,0.045831665,0.40695625807488833
1060,151,-0.01587832,-0.3356340272782584
1061,176,0.16643777,-0.41814405898416357
1062,15,0.26314473,1.892136828781182
1063,16,0.2855034,0.9020164483103195
1064,19,-0.26152807,0.24193619466307795
1065,24,-0.33573115,-0.6656741541018791
1066,30,2.6847196,4.945008001899674
1067,41,-0.8119185,-0.41814405898416357
1068,45,-0.32928795,-0.5006540906900688
1069,67,0.21197747,-0.9957142809255
1070,82,-0.6696482,-0.7481841858077843
1071,109,1.0854236,1.8096267970752766
1072,111,0.19182251,-0.08810393216054282
1073,113,0.0330856,-0.3356340272782584
1074,118,0.20893328,2.0571568921929924
1075,119,-0.42019045,3.0472772726638544
1076,139,-0.06788738,1.2320565751339403
1077,140,-0.060782883,0.48946628978079354
1078,161,-0.15940161,0.40695625807488833
1079,173,0.60384053,-0.9132042492195948
1080,9,-0.3974669,0.9845264800162247
1081,12,-0.5412228,-0.3356340272782584
1082,18,0.76074433,-0.170613963866448
1083,29,-0.12614074,-0.5006540906900688
1084,31,3.2845652,3.2948073677815697
1085,42,-0.4238534,-0.9957142809255
1086,55,-0.77794623,0.07691613125126757
1087,60,-0.6566951,-0.9957142809255
1088,65,1.1132666,0.48946628978079354
1089,66,-0.3940072,-0.41814405898416357
1090,90,-0.46066707,-0.583164122395974
1091,114,0.08794728,0.5719763214866987
1092,117,0.23158371,0.9845264800162247
1093,127,-0.57898533,-0.6656741541018791
1094,144,-0.35064533,1.0670365117221299
1095,150,0.74757415,-1.078224312631405
1096,168,0.2239173,-0.41814405898416357
1097,170,2.065813,2.3046869873107076
1098,2,1.0033642,0.48946628978079354
1099,26,0.8285204,0.7369963848985092
1100,38,-0.618195,-0.8306942175136895
1101,51,-0.42396817,-0.8306942175136895
1102,56,-0.7619323,0.07691613125126757
1103,68,-0.041000497,-0.005593900454637625
1104,76,0.6090341,-0.005593900454637625
1105,85,-0.07275815,-0.583164122395974
1106,98,-0.04001789,-0.2531239955723532
1107,100,-0.32703388,-0.005593900454637625
1108,108,-0.037509087,0.8195064166044144
1109,122,0.2806171,0.654486353192604
1110,136,-0.28685737,0.24193619466307795
1111,142,-0.22142117,-0.7481841858077843
1112,152,1.1091355,1.892136828781182
1113,153,0.97893846,0.654486353192604
1114,156,-0.20152909,-1.3257544077491208
1115,158,-0.42925978,-0.583164122395974
1116,4,1.5818946,0.8195064166044144
1117,6,1.3975879,1.892136828781182
1118,11,-0.9725045,-0.5006540906900688
1119,22,-0.93964577,-0.3356340272782584
1120,27,0.08803553,1.3145666068398454
1121,32,0.14250919,-0.08810393216054282
1122,36,-1.0862591,-0.6656741541018791
1123,69,0.260602,-0.170613963866448
1124,78,-0.5884548,-0.9132042492195948
1125,93,-0.7028357,-0.8306942175136895
1126,95,0.6783203,1.3145666068398454
1127,97,1.6388608,1.5620967019575611
1128,104,-0.7084176,-0.6656741541018791
1129,128,-0.28054008,-0.9132042492195948
1130,143,-0.08107685,-0.9132042492195948
1131,145,-0.26882422,-0.583164122395974
1132,166,-0.4085901,-0.5006540906900688
1133,169,-0.03059066,-0.41814405898416357
1134,0,-0.3781805,-0.3356340272782584
1135,10,0.06393503,-0.170613963866448
1136,23,0.3459443,-0.9957142809255
1137,25,-0.1436956,-1.078224312631405
1138,28,-0.19735064,-0.41814405898416357
1139,40,0.029389486,-0.5006540906900688
1140,44,0.5334987,-0.6656741541018791
1141,64,0.00571765,1.2320565751339403
1142,75,-0.10383119,-0.2531239955723532
1143,79,0.72957325,-1.1607343443373104
1144,81,-0.14936946,-0.7481841858077843
1145,96,0.74334514,1.1495465434280352
1146,123,-0.49482417,-0.7481841858077843
1147,125,0.5281182,0.48946628978079354
1148,126,0.51437104,0.5719763214866987
1149,133,-0.89719206,0.40695625807488833
1150,137,0.39034528,-0.583164122395974
1151,146,0.26836175,1.3145666068398454
1152,33,1.0600815,0.40695625807488833
1153,39,-0.457637,-0.8306942175136895
1154,47,-0.73155254,-0.41814405898416357
1155,61,-0.6972211,-0.6656741541018791
1156,62,-0.5830471,-0.9132042492195948
1157,73,0.6183079,-0.9132042492195948
1158,84,-0.4099521,-0.7481841858077843
1159,86,-0.80373204,-0.5006540906900688
1160,94,0.6488341,0.654486353192604
1161,101,-0.55845654,-0.41814405898416357
1162,120,0.07377298,-0.583164122395974
1163,124,-0.08541123,-0.5006540906900688
1164,132,-0.1682756,2.1396669238988975
1165,138,-0.31476647,-0.9957142809255
1166,141,0.51987606,2.0571568921929924
1167,148,-0.18260929,-0.9132042492195948
1168,165,-0.38067624,-0.5006540906900688
1169,172,0.04002676,-0.9957142809255
1170,3,1.825136,1.0670365117221299
1171,5,-0.52240694,-0.6656741541018791
1172,7,1.9568074,1.5620967019575611
1173,34,0.97563535,-0.08810393216054282
1174,35,-0.5438495,-0.9132042492195948
1175,43,-0.48572767,-1.078224312631405
1176,46,-0.76761514,0.24193619466307795
1177,49,0.18103805,-1.1607343443373104
1178,53,-1.0116787,-0.583164122395974
1179,70,-0.57620835,-0.7481841858077843
1180,77,0.054912463,-0.9132042492195948
1181,80,-0.0670912,-0.170613963866448
1182,105,-0.38948107,-0.8306942175136895
1183,112,-0.5860281,-0.2531239955723532
1184,115,0.032524846,-0.583164122395974
1185,159,0.25723273,-0.7481841858077843
1186,164,-0.27167544,-0.583164122395974
1187,175,-0.41897294,1.0670365117221299
1188,8,2.3707135,1.7271167653693715
1189,13,0.44499424,-1.078224312631405
1190,17,-0.3391197,-0.08810393216054282
1191,59,-0.2954593,-0.7481841858077843
1192,72,0.15796766,-0.170613963866448
1193,83,-0.425962,-0.5006540906900688
1194,89,0.29390392,-0.41814405898416357
1195,91,-0.8779507,0.5719763214866987
1196,110,0.28519583,1.3970766385457507
1197,131,-0.08391967,-0.8306942175136895
1198,134,0.7213607,0.9845264800162247
1199,135,0.2701467,-0.583164122395974
1200,147,0.29902074,-0.9957142809255
1201,154,0.7524277,-0.3356340272782584
1202,155,0.87643003,1.0670365117221299
1203,160,1.0458043,0.9020164483103195
1204,163,-0.46681955,-0.6656741541018791
1205,1,-0.48310676,-0.08810393216054282
1206,21,-0.3902204,-0.3356340272782584
1207,37,-0.09717858,-0.6656741541018791
1208,48,-0.6563325,-0.9132042492195948
1209,50,-0.2048057,-0.8306942175136895
1210,54,-0.25414217,-0.2531239955723532
1211,57,-0.3123435,-0.8306942175136895
1212,58,-0.019929059,-0.7481841858077843
1213,63,-0.6846762,-0.005593900454637625
1214,88,-0.3723499,-1.1607343443373104
1215,107,0.06543672,-0.583164122395974
1216,129,-0.019340798,1.892136828781182
1217,157,0.05980244,0.07691613125126757
1218,162,0.61964357,1.2320565751339403
1219,167,-0.2562469,0.15942616295717277
1220,171,0.34489483,-0.08810393216054282
1221,174,-0.19656768,1.2320565751339403
1222,14,-0.39227077,-0.583164122395974
1223,20,-0.5629562,-0.9132042492195948
1224,52,-0.70706576,-0.7481841858077843
1225,71,-0.51668125,-0.41814405898416357
1226,74,0.2282722,0.654486353192604
1227,87,-0.62263376,1.0670365117221299
1228,92,-0.28566077,-0.170613963866448
1229,99,-0.14574343,-0.08810393216054282
1230,102,-0.74842113,-0.8306942175136895
1231,103,-0.46264997,-0.8306942175136895
1232,106,-0.1170772,-0.8306942175136895
1233,116,0.56356317,1.4795866702516558
1234,121,-0.1925,1.3970766385457507
1235,130,-0.097112924,-0.41814405898416357
1236,149,0.39394447,0.40695625807488833
1237,151,-0.37680668,-0.3356340272782584
1238,176,-0.62894434,-0.41814405898416357
1239,15,0.22928843,1.892136828781182
1240,16,0.22823134,0.9020164483103195
1241,19,-0.07093406,0.24193619466307795
1242,24,-0.9471968,-0.6656741541018791
1243,30,2.3358943,4.945008001899674
1244,41,-0.4199754,-0.41814405898416357
1245,45,-0.60432714,-0.5006540906900688
1246,67,-0.16842107,-0.9957142809255
1247,82,0.2575431,-0.7481841858077843
1248,109,0.26601774,1.8096267970752766
1249,111,-0.39171043,-0.08810393216054282
1250,113,-0.3970088,-0.3356340272782584
1251,118,-0.10225101,2.0571568921929924
1252,119,-0.4606221,3.0472772726638544
1253,139,-0.46249446,1.2320565751339403
1254,140,-0.18172209,0.48946628978079354
1255,161,-0.58444583,0.40695625807488833
1256,173,-0.051332448,-0.9132042492195948
1257,9,0.18799062,0.9845264800162247
1258,12,-0.60575926,-0.3356340272782584
1259,18,0.5051174,-0.170613963866448
1260,29,-0.37273824,-0.5006540906900688
1261,31,2.3063421,3.2948073677815697
1262,42,0.18421775,-0.9957142809255
1263,55,-0.26589695,0.07691613125126757
1264,60,-1.5436716,-0.9957142809255
1265,65,0.48312253,0.48946628978079354
1266,66,-1.0578587,-0.41814405898416357
1267,90,0.23835324,-0.583164122395974
1268,114,1.1973742,0.5719763214866987
1269,117,0.35808444,0.9845264800162247
1270,127,-0.28332418,-0.6656741541018791
1271,144,0.33578223,1.0670365117221299
1272,150,1.1820688,-1.078224312631405
1273,168,0.23877631,-0.41814405898416357
1274,170,2.4935489,2.3046869873107076
1275,2,0.4558119,0.48946628978079354
1276,26,0.14257315,0.7369963848985092
1277,38,-0.654938,-0.8306942175136895
1278,51,-1.1010716,-0.8306942175136895
1279,56,-0.7752414,0.07691613125126757
1280,68,-0.114692055,-0.005593900454637625
1281,76,-0.017103694,-0.005593900454637625
1282,85,-0.27236113,-0.583164122395974
1283,98,-0.4527237,-0.2531239955723532
1284,100,-0.17698547,-0.005593900454637625
1285,108,0.3184321,0.8195064166044144
1286,122,-0.31942105,0.654486353192604
1287,136,-0.11771077,0.24193619466307795
1288,142,-0.25841796,-0.7481841858077843
1289,152,0.4986914,1.892136828781182
1290,153,-0.6532097,0.654486353192604
1291,156,-0.25184405,-1.3257544077491208
1292,158,-0.4623625,-0.583164122395974
1293,4,1.4262394,0.8195064166044144
1294,6,1.4275192,1.892136828781182
1295,11,-0.33795163,-0.5006540906900688
1296,22,-0.47559246,-0.3356340272782584
1297,27,-0.66809773,1.3145666068398454
1298,32,0.2594552,-0.08810393216054282
1299,36,-0.90431,-0.6656741541018791
1300,69,-0.08056162,-0.170613963866448
1301,78,0.07061409,-0.9132042492195948
1302,93,0.31447354,-0.8306942175136895
1303,95,0.59119165,1.3145666068398454
1304,97,1.4494259,1.5620967019575611
1305,104,0.33100697,-0.6656741541018791
1306,128,-0.35281804,-0.9132042492195948
1307,143,0.082288004,-0.9132042492195948
1308,145,-0.1691306,-0.583164122395974
1309,166,0.14820436,-0.5006540906900688
1310,169,0.2350603,-0.41814405898416357
1311,0,0.33093035,-0.3356340272782584
1312,10,0.34524235,-0.170613963866448
1313,23,0.6810888,-0.9957142809255
1314,25,-0.3918758,-1.078224312631405
1315,28,-0.42451164,-0.41814405898416357
1316,40,-0.17912869,-0.5006540906900688
1317,44,0.6949326,-0.6656741541018791
1318,64,-0.52261037,1.2320565751339403
1319,75,0.24397556,-0.2531239955723532
1320,79,0.8430295,-1.1607343443373104
1321,81,0.18779813,-0.7481841858077843
1322,96,0.09340897,1.1495465434280352
1323,123,-0.42367545,-0.7481841858077843
1324,125,0.49045455,0.48946628978079354
1325,126,0.47595048,0.5719763214866987
1326,133,-0.08532876,0.40695625807488833
1327,137,-0.6264831,-0.583164122395974
1328,146,0.17216332,1.3145666068398454
1329,33,-0.07089717,0.40695625807488833
1330,39,-0.33533412,-0.8306942175136895
1331,47,-0.16010806,-0.41814405898416357
1332,61,-0.41375098,-0.6656741541018791
1333,62,-0.30929112,-0.9132042492195948
1334,73,0.6869254,-0.9132042492195948
1335,84,0.15788609,-0.7481841858077843
1336,86,-0.6132424,-0.5006540906900688
1337,94,0.20335928,0.654486353192604
1338,101,-0.41582406,-0.41814405898416357
1339,120,-0.7252196,-0.583164122395974
1340,124,0.036350615,-0.5006540906900688
1341,132,0.06510099,2.1396669238988975
1342,138,-0.7636324,-0.9957142809255
1343,141,0.25839958,2.0571568921929924
1344,148,0.61319923,-0.9132042492195948
1345,165,-0.21012455,-0.5006540906900688
1346,172,-0.41464517,-0.9957142809255
1347,3,1.6715472,1.0670365117221299
1348,5,-0.40773997,-0.6656741541018791
1349,7,1.806237,1.5620967019575611
1350,34,0.42059502,-0.08810393216054282
1351,35,-0.524629,-0.9132042492195948
1352,43,-0.94211704,-1.078224312631405
1353,46,-0.77446705,0.24193619466307795
1354,49,-0.50560015,-1.1607343443373104
1355,53,-0.30889654,-0.583164122395974
1356,70,-0.37320015,-0.7481841858077843
1357,77,-0.24410124,-0.9132042492195948
1358,80,-0.51358384,-0.170613963866448
1359,105,-0.34871253,-0.8306942175136895
1360,112,-0.7308111,-0.2531239955723532
1361,115,0.17580499,-0.583164122395974
1362,159,-0.3390618,-0.7481841858077843
1363,164,-0.6853035,-0.583164122395974
1364,175,0.024023427,1.0670365117221299
1365,8,1.4567862,1.7271167653693715
1366,13,-0.79024225,-1.078224312631405
1367,17,0.077491455,-0.08810393216054282
1368,59,-0.16597015,-0.7481841858077843
1369,72,0.38099432,-0.170613963866448
1370,83,-0.31756926,-0.5006540906900688
1371,89,-0.4919493,-0.41814405898416357
1372,91,0.05803325,0.5719763214866987
1373,110,0.12252314,1.3970766385457507
1374,131,-0.5019235,-0.8306942175136895
1375,134,0.47459048,0.9845264800162247
1376,135,0.12555164,-0.583164122395974
1377,147,-0.13687629,-0.9957142809255
1378,154,0.15163067,-0.3356340272782584
1379,155,0.26749355,1.0670365117221299
1380,160,1.137752,0.9020164483103195
1381,163,0.13038278,-0.6656741541018791
1382,1,-0.2675574,-0.08810393216054282
1383,21,-0.27333426,-0.3356340272782584
1384,37,-0.34973553,-0.6656741541018791
1385,48,0.42216828,-0.9132042492195948
1386,50,-0.3082241,-0.8306942175136895
1387,54,1.1629293,-0.2531239955723532
1388,57,0.036870234,-0.8306942175136895
1389,58,0.17504759,-0.7481841858077843
1390,63,-0.5014249,-0.005593900454637625
1391,88,-0.19425341,-1.1607343443373104
1392,107,0.042704817,-0.583164122395974
1393,129,2.3173199,1.892136828781182
1394,157,-0.010664234,0.07691613125126757
1395,162,1.2635558,1.2320565751339403
1396,167,-0.2592831,0.15942616295717277
1397,171,-0.26290187,-0.08810393216054282
1398,174,0.13292535,1.2320565751339403
1399,14,-0.40770826,-0.583164122395974
1400,20,0.16348472,-0.9132042492195948
1401,52,-0.5483575,-0.7481841858077843
1402,71,-0.3613115,-0.41814405898416357
1403,74,0.22746047,0.654486353192604
1404,87,-0.66205645,1.0670365117221299
1405,92,-0.74812484,-0.170613963866448
1406,99,-0.08628049,-0.08810393216054282
1407,102,-0.4826549,-0.8306942175136895
1408,103,-0.40512392,-0.8306942175136895
1409,106,-0.032096554,-0.8306942175136895
1410,116,-0.06182187,1.4795866702516558
1411,121,0.22634321,1.3970766385457507
1412,130,-0.41523737,-0.41814405898416357
1413,149,-0.1774982,0.40695625807488833
1414,151,0.18454769,-0.3356340272782584
1415,176,-0.38035315,-0.41814405898416357
