species,phenotype_id,name,doi,study,scoring,source,type,growth_conditions,integration_date,number_replicates,to_term,to_name,to_definition,to_comment,to_source_acronym,to_source_name,to_source_url,eo_term,eo_name,eo_definition,eo_comment,eo_source_acronym,eo_source_name,eo_source_url,uo_term,uo_name,uo_definition,uo_comment,uo_source_acronym,uo_source_name,uo_source_url,num_values
Arabidopsis thaliana (NCBI: 3702),289,Root length (Day 1),10.21958/phenotype:289,Satbhai et. al. Nature Communications 2017,Root length was measured 1 day post germination,,,Fe deficiency,2017-08-28T16:07:26.990000Z,0,TO:0000227,root length,"""A root morphology trait (TO:0000043) which is the length of one or more roots (PO:0009005)."" [GR:jcl\nGR\:pj, TO:austin_meier\nTO\:cooperl]",refer to PATO:0000122- A 1-D extent quality which is equal to the distance between two points.,PTO,Plant Trait Ontology,https://bioportal.bioontology.org/ontologies/PTO,EO:0001047,limited iron regimen,"""An iron nutrient regimen (EO:0007242) involving exposure to limiting amounts or the absence of iron (CHEBI:18248)."" [CHEBI:18248, PO:cooperl]",,PECO,Plant Environmental Conditions,https://bioportal.bioontology.org/ontologies/PECO,UO:0000016,millimeter,"""A length unit which is equal to one thousandth of a meter or 10^[-3] m."" [NIST:NIST]",,UO,Units of Measurement,https://bioportal.bioontology.org/ontologies/UO,
Arabidopsis thaliana (NCBI: 3702),290,Root length (Day 2),10.21958/phenotype:290,Satbhai et. al. Nature Communications 2017,Root length was scored 2 days post germination,,,Fe deficiency,2017-08-28T16:07:26.991000Z,0,TO:0000227,root length,"""A root morphology trait (TO:0000043) which is the length of one or more roots (PO:0009005)."" [GR:jcl\nGR\:pj, TO:austin_meier\nTO\:cooperl]",refer to PATO:0000122- A 1-D extent quality which is equal to the distance between two points.,PTO,Plant Trait Ontology,https://bioportal.bioontology.org/ontologies/PTO,EO:0001047,limited iron regimen,"""An iron nutrient regimen (EO:0007242) involving exposure to limiting amounts or the absence of iron (CHEBI:18248)."" [CHEBI:18248, PO:cooperl]",,PECO,Plant Environmental Conditions,https://bioportal.bioontology.org/ontologies/PECO,UO:0000016,millimeter,"""A length unit which is equal to one thousandth of a meter or 10^[-3] m."" [NIST:NIST]",,UO,Units of Measurement,https://bioportal.bioontology.org/ontologies/UO,
Arabidopsis thaliana (NCBI: 3702),291,Root length (Day 3),10.21958/phenotype:291,Satbhai et. al. Nature Communications 2017,Root length was scored 3 days post germination,,,Fe deficiency,2017-08-28T16:07:26.992000Z,0,TO:0000227,root length,"""A root morphology trait (TO:0000043) which is the length of one or more roots (PO:0009005)."" [GR:jcl\nGR\:pj, TO:austin_meier\nTO\:cooperl]",refer to PATO:0000122- A 1-D extent quality which is equal to the distance between two points.,PTO,Plant Trait Ontology,https://bioportal.bioontology.org/ontologies/PTO,EO:0001047,limited iron regimen,"""An iron nutrient regimen (EO:0007242) involving exposure to limiting amounts or the absence of iron (CHEBI:18248)."" [CHEBI:18248, PO:cooperl]",,PECO,Plant Environmental Conditions,https://bioportal.bioontology.org/ontologies/PECO,UO:0000016,millimeter,"""A length unit which is equal to one thousandth of a meter or 10^[-3] m."" [NIST:NIST]",,UO,Units of Measurement,https://bioportal.bioontology.org/ontologies/UO,
Arabidopsis thaliana (NCBI: 3702),292,Root length (Day 4),10.21958/phenotype:292,Satbhai et. al. Nature Communications 2017,Root length was scored 3 days post germination,,,Fe deficiency,2017-08-28T16:07:26.992000Z,0,TO:0000227,root length,"""A root morphology trait (TO:0000043) which is the length of one or more roots (PO:0009005)."" [GR:jcl\nGR\:pj, TO:austin_meier\nTO\:cooperl]",refer to PATO:0000122- A 1-D extent quality which is equal to the distance between two points.,PTO,Plant Trait Ontology,https://bioportal.bioontology.org/ontologies/PTO,EO:0001047,limited iron regimen,"""An iron nutrient regimen (EO:0007242) involving exposure to limiting amounts or the absence of iron (CHEBI:18248)."" [CHEBI:18248, PO:cooperl]",,PECO,Plant Environmental Conditions,https://bioportal.bioontology.org/ontologies/PECO,UO:0000016,millimeter,"""A length unit which is equal to one thousandth of a meter or 10^[-3] m."" [NIST:NIST]",,UO,Units of Measurement,https://bioportal.bioontology.org/ontologies/UO,
Arabidopsis thaliana (NCBI: 3702),293,Root length (Day 5),10.21958/phenotype:293,Satbhai et. al. Nature Communications 2017,Root length was scored 5 days post germination,,,Fe deficiency,2017-08-28T16:07:26.993000Z,0,TO:0000227,root length,"""A root morphology trait (TO:0000043) which is the length of one or more roots (PO:0009005)."" [GR:jcl\nGR\:pj, TO:austin_meier\nTO\:cooperl]",refer to PATO:0000122- A 1-D extent quality which is equal to the distance between two points.,PTO,Plant Trait Ontology,https://bioportal.bioontology.org/ontologies/PTO,EO:0001047,limited iron regimen,"""An iron nutrient regimen (EO:0007242) involving exposure to limiting amounts or the absence of iron (CHEBI:18248)."" [CHEBI:18248, PO:cooperl]",,PECO,Plant Environmental Conditions,https://bioportal.bioontology.org/ontologies/PECO,UO:0000016,millimeter,"""A length unit which is equal to one thousandth of a meter or 10^[-3] m."" [NIST:NIST]",,UO,Units of Measurement,https://bioportal.bioontology.org/ontologies/UO,
