species,phenotype_id,name,doi,study,scoring,source,type,growth_conditions,integration_date,number_replicates,to_term,to_name,to_definition,to_comment,to_source_acronym,to_source_name,to_source_url,eo_term,eo_name,eo_definition,eo_comment,eo_source_acronym,eo_source_name,eo_source_url,uo_term,uo_name,uo_definition,uo_comment,uo_source_acronym,uo_source_name,uo_source_url,num_values
Arabidopsis thaliana (NCBI: 3702),1317,Tokoferol,10.21958/phenotype:1317,Isoprenoid concentration,3 g of seedlings were homogenized in 6 ml ethanol and extracted for 24 h at 25 °C.,,0,"Plants were grown in a growth chamber in a long day (16 h light) photoperiod at 22 °C/18 °C  at day/night. The seeds were surface-sterilized by treatment with an aqueous solution of 5% calcium hypochlorite for 8 min, subsequently rinsed four times with sterile water and planted on plates. Before location in the growth chamber, plates with seeds were kept for 4 days at 4 °C in darkness for stratification. The Arabidopsis accessions were grown on Petri dishes on solid ½ Murashige-Skoog medium with vitamins and 0.8% agar. For each genotype analyzed plants were cultivated in at least three biological replicates. For the isolation of isoprenoids, entire 3-week-old seedlings were used.",2020-10-25T12:47:34.005585Z,0,TO:0000281,metabolite content trait,"""The trait associated with an assay to determine the affected metabolite's profile."" [GR:pj]",,PTO,Plant Trait Ontology,https://bioportal.bioontology.org/ontologies/PTO,EO:0007269,growth chamber study,"""The treatment involving study type in which plants were grown in growth chambers."" [GR:pj]",,PECO,Plant Environmental Conditions,https://bioportal.bioontology.org/ontologies/PECO,UO:0000023,microgram,"""A mass unit which is equal to one millionth of a gram or 10^[-6] g."" [UOC:GVG]",,UO,Units of Measurement,https://bioportal.bioontology.org/ontologies/UO,
Arabidopsis thaliana (NCBI: 3702),1316,Sterol,10.21958/phenotype:1316,Isoprenoid concentration,"3 g of fresh seedlings, supplemented with internal standards were homogenized in 20 ml of chloroform/methanol solution (1/1, v/v) and extracted for 24 h at 25 °C.",,0,"Plants were grown in a growth chamber in a long day (16 h light) photoperiod at 22 °C/18 °C  at day/night. The seeds were surface-sterilized by treatment with an aqueous solution of 5% calcium hypochlorite for 8 min, subsequently rinsed four times with sterile water and planted on plates. Before location in the growth chamber, plates with seeds were kept for 4 days at 4 °C in darkness for stratification. The Arabidopsis accessions were grown on Petri dishes on solid ½ Murashige-Skoog medium with vitamins and 0.8% agar. For each genotype analyzed plants were cultivated in at least three biological replicates. For the isolation of isoprenoids, entire 3-week-old seedlings were used.
3 g of seedlings were homogenized in 6 ml ethanol and extracted for 24 h at 25 °C.",2020-10-25T12:47:34.004171Z,0,TO:0000281,metabolite content trait,"""The trait associated with an assay to determine the affected metabolite's profile."" [GR:pj]",,PTO,Plant Trait Ontology,https://bioportal.bioontology.org/ontologies/PTO,EO:0007269,growth chamber study,"""The treatment involving study type in which plants were grown in growth chambers."" [GR:pj]",,PECO,Plant Environmental Conditions,https://bioportal.bioontology.org/ontologies/PECO,UO:0000023,microgram,"""A mass unit which is equal to one millionth of a gram or 10^[-6] g."" [UOC:GVG]",,UO,Units of Measurement,https://bioportal.bioontology.org/ontologies/UO,
Arabidopsis thaliana (NCBI: 3702),1315,Polyprenol,10.21958/phenotype:1315,Isoprenoid concentration,"3 g of fresh seedlings, supplemented with internal standards were homogenized in 20 ml of chloroform/methanol solution (1/1, v/v) and extracted for 24 h at 25 °C.",,0,"Plants were grown in a growth chamber in a long day (16 h light) photoperiod at 22 °C/18 °C  at day/night. The seeds were surface-sterilized by treatment with an aqueous solution of 5% calcium hypochlorite for 8 min, subsequently rinsed four times with sterile water and planted on plates. Before location in the growth chamber, plates with seeds were kept for 4 days at 4 °C in darkness for stratification. The Arabidopsis accessions were grown on Petri dishes on solid ½ Murashige-Skoog medium with vitamins and 0.8% agar. For each genotype analyzed plants were cultivated in at least three biological replicates.",2020-10-25T12:47:34.002513Z,0,TO:0000281,metabolite content trait,"""The trait associated with an assay to determine the affected metabolite's profile."" [GR:pj]",,PTO,Plant Trait Ontology,https://bioportal.bioontology.org/ontologies/PTO,EO:0007269,growth chamber study,"""The treatment involving study type in which plants were grown in growth chambers."" [GR:pj]",,PECO,Plant Environmental Conditions,https://bioportal.bioontology.org/ontologies/PECO,UO:0000023,microgram,"""A mass unit which is equal to one millionth of a gram or 10^[-6] g."" [UOC:GVG]",,UO,Units of Measurement,https://bioportal.bioontology.org/ontologies/UO,
Arabidopsis thaliana (NCBI: 3702),1312,Dolichole,10.21958/phenotype:1312,Isoprenoid concentration,"3 g of fresh seedlings, supplemented with internal standards were homogenized in 20 ml of chloroform/methanol solution (1/1, v/v) and extracted for 24 h at 25 °C.",,0,"Plants were grown in a growth chamber in a long day (16 h light) photoperiod at 22 °C/18 °C  at day/night. The seeds were surface-sterilized by treatment with an aqueous solution of 5% calcium hypochlorite for 8 min, subsequently rinsed four times with sterile water and planted on plates. Before location in the growth chamber, plates with seeds were kept for 4 days at 4 °C in darkness for stratification. The Arabidopsis accessions were grown on Petri dishes on solid ½ Murashige-Skoog medium with vitamins and 0.8% agar. For each genotype analyzed plants were cultivated in at least three biological replicates.",2020-10-25T12:47:33.997383Z,0,TO:0000281,metabolite content trait,"""The trait associated with an assay to determine the affected metabolite's profile."" [GR:pj]",,PTO,Plant Trait Ontology,https://bioportal.bioontology.org/ontologies/PTO,EO:0007269,growth chamber study,"""The treatment involving study type in which plants were grown in growth chambers."" [GR:pj]",,PECO,Plant Environmental Conditions,https://bioportal.bioontology.org/ontologies/PECO,UO:0000023,microgram,"""A mass unit which is equal to one millionth of a gram or 10^[-6] g."" [UOC:GVG]",,UO,Units of Measurement,https://bioportal.bioontology.org/ontologies/UO,
Arabidopsis thaliana (NCBI: 3702),1311,Chlorophyll,10.21958/phenotype:1311,Isoprenoid concentration,"0.2 g of seedlings was homogenized in acetone, extracted for 24 h at 25 °C, centrifuged (2500 × g) and the supernatant was directly subjected to spectrophotometric analyses. All isolation steps were performed in darkness.",,0,"Plants were grown in a growth chamber in a long day (16 h light) photoperiod at 22 °C/18 °C  at day/night. The seeds were surface-sterilized by treatment with an aqueous solution of 5% calcium hypochlorite for 8 min, subsequently rinsed four times with sterile water and planted on plates. Before location in the growth chamber, plates with seeds were kept for 4 days at 4 °C in darkness for stratification. The Arabidopsis accessions were grown on Petri dishes on solid ½ Murashige-Skoog medium with vitamins and 0.8% agar. For each genotype analyzed plants were cultivated in at least three biological replicates.",2020-10-25T12:47:33.977533Z,0,TO:0000281,metabolite content trait,"""The trait associated with an assay to determine the affected metabolite's profile."" [GR:pj]",,PTO,Plant Trait Ontology,https://bioportal.bioontology.org/ontologies/PTO,EO:0007269,growth chamber study,"""The treatment involving study type in which plants were grown in growth chambers."" [GR:pj]",,PECO,Plant Environmental Conditions,https://bioportal.bioontology.org/ontologies/PECO,UO:0000023,microgram,"""A mass unit which is equal to one millionth of a gram or 10^[-6] g."" [UOC:GVG]",,UO,Units of Measurement,https://bioportal.bioontology.org/ontologies/UO,
Arabidopsis thaliana (NCBI: 3702),1314,Plastoquinone,10.21958/phenotype:1314,Isoprenoid concentration,"0.5 g of seedlings was used. Isolation procedure was as described above, but
826 the hydrolysis step was omitted and the samples were protected from light.",,0,"Plants were grown in a growth chamber in a long day (16 h light) photoperiod at 22 °C/18 °C  at day/night. The seeds were surface-sterilized by treatment with an aqueous solution of 5% calcium hypochlorite for 8 min, subsequently rinsed four times with sterile water and planted on plates. Before location in the growth chamber, plates with seeds were kept for 4 days at 4 °C in darkness for stratification. The Arabidopsis accessions were grown on Petri dishes on solid ½ Murashige-Skoog medium with vitamins and 0.8% agar. For each genotype analyzed plants were cultivated in at least three biological replicates.",2020-10-25T12:47:34.000795Z,0,TO:0000281,metabolite content trait,"""The trait associated with an assay to determine the affected metabolite's profile."" [GR:pj]",,PTO,Plant Trait Ontology,https://bioportal.bioontology.org/ontologies/PTO,EO:0007269,growth chamber study,"""The treatment involving study type in which plants were grown in growth chambers."" [GR:pj]",,PECO,Plant Environmental Conditions,https://bioportal.bioontology.org/ontologies/PECO,UO:0000023,microgram,"""A mass unit which is equal to one millionth of a gram or 10^[-6] g."" [UOC:GVG]",,UO,Units of Measurement,https://bioportal.bioontology.org/ontologies/UO,
Arabidopsis thaliana (NCBI: 3702),1313,Carotenoid,10.21958/phenotype:1313,Isoprenoid concentration,"0.2 g of seedlings was homogenized in acetone, extracted for 24 h at 25 °C, centrifuged (2500 × g) and the supernatant was directly subjected to spectrophotometric analyses. All isolation steps were performed in darkness.",,0,"Plants were grown in a growth chamber in a long day (16 h light) photoperiod at 22 °C/18 °C  at day/night. The seeds were surface-sterilized by treatment with an aqueous solution of 5% calcium hypochlorite for 8 min, subsequently rinsed four times with sterile water and planted on plates. Before location in the growth chamber, plates with seeds were kept for 4 days at 4 °C in darkness for stratification. The Arabidopsis accessions were grown on Petri dishes on solid ½ Murashige-Skoog medium with vitamins and 0.8% agar. For each genotype analyzed plants were cultivated in at least three biological replicates.",2020-10-25T12:47:33.999181Z,0,TO:0000281,metabolite content trait,"""The trait associated with an assay to determine the affected metabolite's profile."" [GR:pj]",,PTO,Plant Trait Ontology,https://bioportal.bioontology.org/ontologies/PTO,EO:0007269,growth chamber study,"""The treatment involving study type in which plants were grown in growth chambers."" [GR:pj]",,PECO,Plant Environmental Conditions,https://bioportal.bioontology.org/ontologies/PECO,UO:0000023,microgram,"""A mass unit which is equal to one millionth of a gram or 10^[-6] g."" [UOC:GVG]",,UO,Units of Measurement,https://bioportal.bioontology.org/ontologies/UO,
